{
  "calibration_sha256": "bb4597735744a6e4d84493e6e57fe04963dce465c41f7a4dcda5c8c3b90a7e18",
  "eval_sha256": "4e1fce0451434081dfce26182c4fc7235f295c4133507ef9ae8e573952a5a148",
  "fake_quant_nll": 3.9782083325546864,
  "fake_quant_perplexity": 53.42123534499235,
  "fp32_nll": 3.9832969182153874,
  "fp32_perplexity": 53.6937666886192,
  "golden_nll": 3.9782083325546864,
  "golden_perplexity": 53.42123534499235,
  "ptq_preset": "weight_only_int8",
  "relative_delta": 0.0,
  "target_count": 256,
  "token_count": 257,
  "tokenizer_dir": "software/tests/fixtures/generated/hf_gpt2"
}
